Number,#,Position F1,Position F2,Assign F1,Assign F2,Height,Volume,Line Width F1 (Hz),Line Width F2 (Hz),Merit,Details,Fit Method,Vol. Method
1,1,52.98316,120.84836, 320SerCa, 320SerN,1.37163e+10,1.19318e+11,192.72026,964.76611,1.00000,None,None,box sum
2,2,60.06333,127.88033, 319ThrCa, 319ThrN,2.52684e+10,2.14384e+11,263.21436,113.99063,1.00000,None,None,box sum
3,3,67.41904,128.00338, 319ThrCb, 319ThrN,5.77776e+09,4.67547e+10,88.18434,80.77893,1.00000,None,None,box sum
4,4,63.00137,120.88146, 320SerCb, 320SerN,4.80749e+09,3.98265e+10,93.08157,130.19449,1.00000,None,None,box sum
5,5,60.85209,134.96315,None,None,4.79417e+09,4.09145e+10,121.39439,77.40977,1.00000,None,parabolic,box sum
6,6,53.98479,133.49010,None,None,9.15625e+09,7.77534e+10,115.00338,88.23508,1.00000,None,parabolic,box sum
7,7,53.13550,132.89419,None,None,2.07586e+10,1.73765e+11,110.35531,77.27897,1.00000,None,parabolic,box sum
8,8,61.27043,132.61851,None,None,4.03980e+09,3.34865e+10,113.84854,77.74690,1.00000,None,parabolic,box sum
9,9,54.48133,132.46403,None,None,4.97317e+09,4.16728e+10,234.52657,92.65879,1.00000,None,parabolic,box sum
10,10,56.22095,132.15490,None,None,1.27923e+10,1.06120e+11,101.08056,73.99473,1.00000,None,parabolic,box sum
11,11,55.19081,131.76465,None,None,1.08343e+10,9.27644e+10,125.09952,231.04021,1.00000,None,parabolic,box sum
12,12,51.99823,131.34522,None,None,1.46287e+10,1.27098e+11,139.72098,185.59963,1.00000,None,parabolic,box sum
13,13,52.03025,131.22335,None,None,1.47161e+10,1.27864e+11,133.03073,529.71214,1.00000,None,parabolic,box sum
14,14,53.85383,130.95024,None,None,1.56771e+10,1.30470e+11,99.45853,101.34578,1.00000,None,parabolic,box sum
15,15,47.88278,130.34245,None,None,3.78645e+09,3.23608e+10,113.51143,93.73733,1.00000,None,parabolic,box sum
16,16,55.40288,130.17405,None,None,2.54266e+10,2.13550e+11,110.34676,87.94406,1.00000,None,parabolic,box sum
17,17,52.59321,129.91211,None,None,2.61468e+10,2.26389e+11,167.17698,409.97580,1.00000,None,parabolic,box sum
18,18,59.27131,129.84451,None,None,1.69547e+10,1.41140e+11,103.95392,499.67578,1.00000,None,parabolic,box sum
19,19,53.40606,129.87844,None,None,1.64344e+10,1.38288e+11,335.49293,85.27023,1.00000,None,parabolic,box sum
20,20,50.96524,129.69706,None,None,1.30207e+10,1.07800e+11,105.75305,78.83358,1.00000,None,parabolic,box sum
21,21,61.66643,129.27393,None,None,3.68323e+09,3.05241e+10,126.45162,156.25650,1.00000,None,parabolic,box sum
22,22,58.59527,128.54233,None,None,2.34270e+10,2.00302e+11,374.70985,78.60890,1.00000,None,parabolic,box sum
23,23,59.51847,128.45345,None,None,4.38841e+10,3.75866e+11,150.68433,97.14174,1.00000,None,parabolic,box sum
24,24,53.98984,128.32371,None,None,1.52467e+10,1.30401e+11,293.17546,196.23718,1.00000,None,parabolic,box sum
25,25,51.76618,128.35722,None,None,1.27994e+10,1.11313e+11,777.62748,135.27054,1.00000,None,parabolic,box sum
26,26,54.65308,128.13108,None,None,2.49284e+10,2.11293e+11,234.59985,93.71355,1.00000,None,parabolic,box sum
27,27,50.28673,128.11139,None,None,1.67030e+10,1.40684e+11,160.34077,73.98158,1.00000,None,parabolic,box sum
28,28,57.94784,127.61694,None,None,2.71802e+10,2.29064e+11,125.01525,81.03281,1.00000,None,parabolic,box sum
29,29,52.64086,127.66990,None,None,3.50990e+10,3.05462e+11,305.92572,223.03540,1.00000,None,parabolic,box sum
30,30,59.92182,127.27676,None,None,1.93914e+10,1.69411e+11,219.39761,262.40566,1.00000,None,parabolic,box sum
31,31,51.28228,127.33712,None,None,2.05151e+10,1.76844e+11,138.91608,102.08198,1.00000,None,parabolic,box sum
32,32,56.04883,127.19722,None,None,2.93879e+10,2.48837e+11,133.18035,79.79426,1.00000,None,parabolic,box sum
33,33,53.40693,127.21219,None,None,5.44592e+10,4.65629e+11,146.36177,118.40975,1.00000,None,parabolic,box sum
34,34,58.50750,126.95029,None,None,1.83971e+10,1.56076e+11,160.57528,223.17475,1.00000,None,parabolic,box sum
35,35,52.44910,126.54031,None,None,3.63344e+10,3.10780e+11,142.00684,197.49117,1.00000,None,parabolic,box sum
36,36,59.28311,126.44007,None,None,3.66735e+10,3.09729e+11,119.89145,204.68426,1.00000,None,parabolic,box sum
37,37,51.58030,126.43083,None,None,2.04943e+10,1.72900e+11,517.74268,211.92992,1.00000,None,parabolic,box sum
38,38,50.39819,126.19214,None,None,2.49552e+10,2.06836e+11,98.30797,74.23005,1.00000,None,parabolic,box sum
39,39,60.75701,125.99698,None,None,5.29220e+09,4.41509e+10,127.14233,95.29987,1.00000,None,parabolic,box sum
40,40,56.04266,125.68927,None,None,6.07044e+09,5.20293e+10,137.37832,218.45585,1.00000,None,parabolic,box sum
41,41,53.09030,125.67056,None,None,1.79937e+10,1.59156e+11,428.87863,347.87825,1.00000,None,parabolic,box sum
42,42,58.88697,125.37182,None,None,3.98946e+10,3.46618e+11,178.67408,120.22492,1.00000,None,parabolic,box sum
43,43,57.39295,125.13292,None,None,1.91829e+10,1.62749e+11,122.28418,74.70027,1.00000,None,parabolic,box sum
44,44,54.01269,125.12666,None,None,2.30851e+10,1.99299e+11,160.46780,119.36834,1.00000,None,parabolic,box sum
45,45,51.11533,124.58586,None,None,4.31985e+10,3.67917e+11,129.59186,83.44170,1.00000,None,parabolic,box sum
46,46,39.11316,124.62187,None,None,3.89318e+09,3.13603e+10,142.03616,75.32653,1.00000,None,parabolic,box sum
47,47,49.85722,124.17854,None,None,1.20900e+10,1.01442e+11,109.62613,80.87760,1.00000,None,parabolic,box sum
48,48,56.88535,124.10122,None,None,5.83210e+09,4.82905e+10,96.55097,121.55443,1.00000,None,parabolic,box sum
49,49,53.62186,124.09491,None,None,1.18245e+10,1.04551e+11,824.38293,412.22468,1.00000,None,parabolic,box sum
50,50,51.77983,123.51668,None,None,1.59667e+10,1.34642e+11,118.26453,127.86174,1.00000,None,parabolic,box sum
51,51,52.76892,123.42416,None,None,3.02661e+10,2.62887e+11,172.30384,182.32790,1.00000,None,parabolic,box sum
52,52,59.71295,123.27182,None,None,1.29331e+10,1.10041e+11,129.33231,232.21430,1.00000,None,parabolic,box sum
53,53,58.58036,123.25887,None,None,1.68297e+10,1.41921e+11,117.18359,97.93907,1.00000,None,parabolic,box sum
54,54,41.00176,123.18816,None,None,1.36391e+10,1.08073e+11,78.38499,67.55495,1.00000,None,parabolic,box sum
55,55,57.62320,123.04370,None,None,1.59897e+10,1.34184e+11,111.93826,87.52140,1.00000,None,parabolic,box sum
56,56,41.70939,122.98956,None,None,6.02717e+09,5.00534e+10,96.21265,151.07843,1.00000,None,parabolic,box sum
57,57,54.87059,122.74996,None,None,6.17383e+09,5.12661e+10,108.97268,89.17427,1.00000,None,parabolic,box sum
58,58,39.39177,122.27994,None,None,8.06657e+09,6.57789e+10,99.22586,65.96071,1.00000,None,parabolic,box sum
59,59,59.16713,122.16111,None,None,1.20430e+10,1.01799e+11,112.37491,91.97557,1.00000,None,parabolic,box sum
60,60,52.94688,122.03118,None,None,2.09455e+10,1.79562e+11,178.71073,404.52445,1.00000,None,parabolic,box sum
61,61,51.40741,121.97855,None,None,5.93234e+09,5.13504e+10,267.80807,698.06525,1.00000,None,parabolic,box sum
62,62,40.09080,121.99909,None,None,5.88536e+09,5.02259e+10,133.93823,219.81978,1.00000,None,parabolic,box sum
63,63,50.80296,121.82552,None,None,9.17055e+09,7.84042e+10,240.32825,86.58409,1.00000,None,parabolic,box sum
64,64,58.08905,121.50985,None,None,5.57044e+09,4.70755e+10,117.54268,97.59152,1.00000,None,parabolic,box sum
65,65,41.21485,121.49161,None,None,2.33252e+10,1.94616e+11,109.38674,80.61683,1.00000,None,parabolic,box sum
66,66,53.17425,121.19496,None,None,2.15151e+10,1.88327e+11,198.81874,292.54007,1.00000,None,parabolic,box sum
67,67,50.11087,120.77521,None,None,6.07434e+09,4.96264e+10,102.40090,74.46557,1.00000,None,parabolic,box sum
68,68,40.42813,120.74783,None,None,4.66976e+10,3.89916e+11,107.47768,85.88272,1.00000,None,parabolic,box sum
69,69,54.73654,120.33328,None,None,2.15378e+10,1.83768e+11,128.96894,102.59748,1.00000,None,parabolic,box sum
70,70,55.76410,120.24364,None,None,6.33178e+09,5.43052e+10,125.06716,190.99361,1.00000,None,parabolic,box sum
71,71,59.02631,120.10039,None,None,1.85339e+10,1.54450e+11,107.72013,76.78288,1.00000,None,parabolic,box sum
72,72,63.19879,120.06800,None,None,3.96090e+09,3.35480e+10,115.27209,168.33955,1.00000,None,parabolic,box sum
73,73,57.84761,119.78274,None,None,1.05152e+10,9.00507e+10,132.09085,95.45279,1.00000,None,parabolic,box sum
74,74,53.09494,119.63492,None,None,1.59433e+10,1.37357e+11,131.20534,442.02238,1.00000,None,parabolic,box sum
75,75,61.82116,119.44060,None,None,1.55621e+10,1.30454e+11,113.88090,71.96885,1.00000,None,parabolic,box sum
76,76,53.15539,119.49566,None,None,1.62748e+10,1.40724e+11,140.28100,445.26428,1.00000,None,parabolic,box sum
77,77,51.71106,119.29024,None,None,3.86788e+10,3.31451e+11,142.61572,100.01689,1.00000,None,parabolic,box sum
78,78,39.66468,119.08699,None,None,4.28733e+09,3.59338e+10,109.86919,112.22261,1.00000,None,parabolic,box sum
79,79,55.33406,118.97800,None,None,1.11997e+10,9.39656e+10,109.36475,89.49888,1.00000,None,parabolic,box sum
80,80,50.96135,118.93780,None,None,2.20297e+10,1.88760e+11,288.08830,88.39113,1.00000,None,parabolic,box sum
81,81,39.72965,118.89473,None,None,4.66668e+09,3.82994e+10,207.23729,122.05553,1.00000,None,parabolic,box sum
82,82,66.13085,118.65097,None,None,4.08542e+09,3.34314e+10,84.19156,82.05378,1.00000,None,parabolic,box sum
83,83,59.31668,118.53559,None,None,3.26506e+10,2.79610e+11,148.76489,84.52964,1.00000,None,parabolic,box sum
84,84,40.13094,118.47244,None,None,5.54921e+09,4.56593e+10,136.45311,87.22913,1.00000,None,parabolic,box sum
85,85,50.35077,118.04013,None,None,8.92295e+09,7.26829e+10,94.52710,74.96500,1.00000,None,parabolic,box sum
86,86,53.94028,117.67587,None,None,2.03155e+10,1.70922e+11,104.24217,150.13736,1.00000,None,parabolic,box sum
87,87,63.49455,117.63935,None,None,3.73287e+09,3.13810e+10,231.75764,122.72894,1.00000,None,parabolic,box sum
88,88,52.68335,117.38971,None,None,5.24769e+09,4.27113e+10,88.76817,86.10553,1.00000,None,parabolic,box sum
89,89,57.72365,117.07522,None,None,8.35323e+09,7.11287e+10,118.80806,97.34911,1.00000,None,parabolic,box sum
90,90,56.04948,116.99578,None,None,3.99406e+09,3.35189e+10,103.77682,231.20731,1.00000,None,parabolic,box sum
91,91,43.69692,117.01246,None,None,1.34597e+10,1.12549e+11,107.85387,75.22494,1.00000,None,parabolic,box sum
92,92,57.23835,115.98947,None,None,5.65105e+09,4.79905e+10,122.84481,70.62119,1.00000,None,parabolic,box sum
93,93,46.70698,115.64034,None,None,1.60550e+10,1.33905e+11,102.73618,83.35972,1.00000,None,parabolic,box sum
94,94,64.65979,115.50003,None,None,4.97512e+09,4.15608e+10,107.22546,84.80835,1.00000,None,parabolic,box sum
95,95,56.34783,115.52662,None,None,2.78580e+10,2.33047e+11,105.19182,79.21827,1.00000,None,parabolic,box sum
96,96,54.15155,115.46438,None,None,2.83204e+10,2.39358e+11,116.88678,82.76850,1.00000,None,parabolic,box sum
97,97,44.74315,114.18454,None,None,6.94235e+09,5.91340e+10,151.32740,86.26741,1.00000,None,parabolic,box sum
98,98,57.40951,114.05922,None,None,1.34958e+10,1.12835e+11,101.17033,80.93226,1.00000,None,parabolic,box sum
99,99,42.03430,113.63868,None,None,1.05734e+10,9.04912e+10,121.21972,112.66071,1.00000,None,parabolic,box sum
100,100,45.67493,112.85479,None,None,6.43520e+09,5.53494e+10,171.05800,99.97559,1.00000,None,parabolic,box sum
101,101,57.06502,112.65469,None,None,4.59669e+09,3.77624e+10,92.92095,101.47387,1.00000,None,parabolic,box sum
102,102,55.46891,112.46488,None,None,6.45402e+09,5.65891e+10,151.77749,340.06578,1.00000,None,parabolic,box sum
103,103,52.40178,112.36013,None,None,2.96669e+10,2.47218e+11,111.28847,81.38746,1.00000,None,parabolic,box sum
104,104,63.39325,112.06352,None,None,3.81197e+09,3.13575e+10,97.19954,72.94393,1.00000,None,parabolic,box sum
105,105,42.79367,110.95817,None,None,1.36830e+10,1.15559e+11,113.76059,75.49572,1.00000,None,parabolic,box sum
106,106,55.69195,110.74200,None,None,2.91667e+10,2.44853e+11,108.41083,83.63926,1.00000,None,parabolic,box sum
107,107,44.25928,109.89358,None,None,1.50707e+10,1.26294e+11,113.46257,77.18050,1.00000,None,parabolic,box sum
108,108,43.53851,109.83397,None,None,4.33653e+09,3.71175e+10,304.63592,102.50986,1.00000,None,parabolic,box sum
109,109,67.09396,109.50406,None,None,3.77039e+09,3.15692e+10,101.26499,103.85293,1.00000,None,parabolic,box sum
110,110,55.29650,109.37404,None,None,9.15945e+09,7.57570e+10,99.55136,78.88991,1.00000,None,parabolic,box sum
111,111,45.06438,108.65267,None,None,9.77028e+09,8.08347e+10,98.75439,103.55961,1.00000,None,parabolic,box sum
112,112,42.21414,108.22680,None,None,4.33990e+09,3.72969e+10,231.69474,101.29863,1.00000,None,parabolic,box sum
113,113,45.83372,108.16430,None,None,9.60136e+09,8.05579e+10,105.94359,154.42109,1.00000,None,parabolic,box sum
114,114,42.59664,108.06874,None,None,4.54246e+09,3.89722e+10,225.94069,144.53518,1.00000,None,parabolic,box sum
115,115,54.49990,107.41941,None,None,5.57069e+09,4.78096e+10,126.27696,91.17907,1.00000,None,parabolic,box sum
116,116,43.55547,107.39505,None,None,5.98333e+09,5.25406e+10,135.16452,149.65171,1.00000,None,parabolic,box sum
117,117,45.48193,107.26040,None,None,1.65077e+10,1.38162e+11,110.65211,87.83579,1.00000,None,parabolic,box sum
118,118,42.07509,81.64423,None,None,6.85502e+09,5.86165e+10,122.21151,79.80531,1.00000,None,parabolic,box sum
