Number,#,Position F1,Position F2,Assign F1,Assign F2,Height,Volume,Line Width F1 (Hz),Line Width F2 (Hz),Merit,Details,Fit Method,Vol. Method
1,1,52.98316,120.84836,,,1.37E+10,1.19E+11,192.72026,964.76611,1,None,None,box sum
2,2,60.06333,127.88033,,,2.53E+10,2.14E+11,263.21436,113.99063,1,None,None,box sum
3,3,67.41904,128.00338,,,5.78E+09,4.68E+10,88.18434,80.77893,1,None,None,box sum
4,4,63.00137,120.88146,,,4.81E+09,3.98E+10,93.08157,130.19449,1,None,None,box sum
5,5,60.85209,134.96315,,,4.79E+09,4.09E+10,121.39439,77.40977,1,None,parabolic,box sum
6,6,53.98479,133.4901,,,9.16E+09,7.78E+10,115.00338,88.23508,1,None,parabolic,box sum
7,7,53.1355,132.89419,,,2.08E+10,1.74E+11,110.35531,77.27897,1,None,parabolic,box sum
8,8,61.27043,132.61851,,,4.04E+09,3.35E+10,113.84854,77.7469,1,None,parabolic,box sum
9,9,54.48133,132.46403,,,4.97E+09,4.17E+10,234.52657,92.65879,1,None,parabolic,box sum
10,10,56.22095,132.1549,,,1.28E+10,1.06E+11,101.08056,73.99473,1,None,parabolic,box sum
11,11,55.19081,131.76465,,,1.08E+10,9.28E+10,125.09952,231.04021,1,None,parabolic,box sum
12,12,51.99823,131.34522,,,1.46E+10,1.27E+11,139.72098,185.59963,1,None,parabolic,box sum
13,13,52.03025,131.22335,,,1.47E+10,1.28E+11,133.03073,529.71214,1,None,parabolic,box sum
14,14,53.85383,130.95024,,,1.57E+10,1.30E+11,99.45853,101.34578,1,None,parabolic,box sum
15,15,47.88278,130.34245,,,3.79E+09,3.24E+10,113.51143,93.73733,1,None,parabolic,box sum
16,16,55.40288,130.17405,,,2.54E+10,2.14E+11,110.34676,87.94406,1,None,parabolic,box sum
17,17,52.59321,129.91211,,,2.61E+10,2.26E+11,167.17698,409.9758,1,None,parabolic,box sum
18,18,59.27131,129.84451,,,1.70E+10,1.41E+11,103.95392,499.67578,1,None,parabolic,box sum
19,19,53.40606,129.87844,,,1.64E+10,1.38E+11,335.49293,85.27023,1,None,parabolic,box sum
20,20,50.96524,129.69706,,,1.30E+10,1.08E+11,105.75305,78.83358,1,None,parabolic,box sum
21,21,61.66643,129.27393,,,3.68E+09,3.05E+10,126.45162,156.2565,1,None,parabolic,box sum
22,22,58.59527,128.54233,,,2.34E+10,2.00E+11,374.70985,78.6089,1,None,parabolic,box sum
23,23,59.51847,128.45345,,,4.39E+10,3.76E+11,150.68433,97.14174,1,None,parabolic,box sum
24,24,53.98984,128.32371,,,1.52E+10,1.30E+11,293.17546,196.23718,1,None,parabolic,box sum
25,25,51.76618,128.35722,,,1.28E+10,1.11E+11,777.62748,135.27054,1,None,parabolic,box sum
26,26,54.65308,128.13108,,,2.49E+10,2.11E+11,234.59985,93.71355,1,None,parabolic,box sum
27,27,50.28673,128.11139,,,1.67E+10,1.41E+11,160.34077,73.98158,1,None,parabolic,box sum
28,28,57.94784,127.61694,,,2.72E+10,2.29E+11,125.01525,81.03281,1,None,parabolic,box sum
29,29,52.64086,127.6699,,,3.51E+10,3.05E+11,305.92572,223.0354,1,None,parabolic,box sum
30,30,59.92182,127.27676,,,1.94E+10,1.69E+11,219.39761,262.40566,1,None,parabolic,box sum
31,31,51.28228,127.33712,,,2.05E+10,1.77E+11,138.91608,102.08198,1,None,parabolic,box sum
32,32,56.04883,127.19722,,,2.94E+10,2.49E+11,133.18035,79.79426,1,None,parabolic,box sum
33,33,53.40693,127.21219,,,5.45E+10,4.66E+11,146.36177,118.40975,1,None,parabolic,box sum
34,34,58.5075,126.95029,,,1.84E+10,1.56E+11,160.57528,223.17475,1,None,parabolic,box sum
35,35,52.4491,126.54031,,,3.63E+10,3.11E+11,142.00684,197.49117,1,None,parabolic,box sum
36,36,59.28311,126.44007,,,3.67E+10,3.10E+11,119.89145,204.68426,1,None,parabolic,box sum
37,37,51.5803,126.43083,,,2.05E+10,1.73E+11,517.74268,211.92992,1,None,parabolic,box sum
38,38,50.39819,126.19214,,,2.50E+10,2.07E+11,98.30797,74.23005,1,None,parabolic,box sum
39,39,60.75701,125.99698,,,5.29E+09,4.42E+10,127.14233,95.29987,1,None,parabolic,box sum
40,40,56.04266,125.68927,,,6.07E+09,5.20E+10,137.37832,218.45585,1,None,parabolic,box sum
41,41,53.0903,125.67056,,,1.80E+10,1.59E+11,428.87863,347.87825,1,None,parabolic,box sum
42,42,58.88697,125.37182,,,3.99E+10,3.47E+11,178.67408,120.22492,1,None,parabolic,box sum
43,43,57.39295,125.13292,,,1.92E+10,1.63E+11,122.28418,74.70027,1,None,parabolic,box sum
44,44,54.01269,125.12666,,,2.31E+10,1.99E+11,160.4678,119.36834,1,None,parabolic,box sum
45,45,51.11533,124.58586,,,4.32E+10,3.68E+11,129.59186,83.4417,1,None,parabolic,box sum
46,46,39.11316,124.62187,,,3.89E+09,3.14E+10,142.03616,75.32653,1,None,parabolic,box sum
47,47,49.85722,124.17854,,,1.21E+10,1.01E+11,109.62613,80.8776,1,None,parabolic,box sum
48,48,56.88535,124.10122,,,5.83E+09,4.83E+10,96.55097,121.55443,1,None,parabolic,box sum
49,49,53.62186,124.09491,,,1.18E+10,1.05E+11,824.38293,412.22468,1,None,parabolic,box sum
50,50,51.77983,123.51668,,,1.60E+10,1.35E+11,118.26453,127.86174,1,None,parabolic,box sum
51,51,52.76892,123.42416,,,3.03E+10,2.63E+11,172.30384,182.3279,1,None,parabolic,box sum
52,52,59.71295,123.27182,,,1.29E+10,1.10E+11,129.33231,232.2143,1,None,parabolic,box sum
53,53,58.58036,123.25887,,,1.68E+10,1.42E+11,117.18359,97.93907,1,None,parabolic,box sum
54,54,41.00176,123.18816,,,1.36E+10,1.08E+11,78.38499,67.55495,1,None,parabolic,box sum
55,55,57.6232,123.0437,,,1.60E+10,1.34E+11,111.93826,87.5214,1,None,parabolic,box sum
56,56,41.70939,122.98956,,,6.03E+09,5.01E+10,96.21265,151.07843,1,None,parabolic,box sum
57,57,54.87059,122.74996,,,6.17E+09,5.13E+10,108.97268,89.17427,1,None,parabolic,box sum
58,58,39.39177,122.27994,,,8.07E+09,6.58E+10,99.22586,65.96071,1,None,parabolic,box sum
59,59,59.16713,122.16111,,,1.20E+10,1.02E+11,112.37491,91.97557,1,None,parabolic,box sum
60,60,52.94688,122.03118,,,2.09E+10,1.80E+11,178.71073,404.52445,1,None,parabolic,box sum
61,61,51.40741,121.97855,,,5.93E+09,5.14E+10,267.80807,698.06525,1,None,parabolic,box sum
62,62,40.0908,121.99909,,,5.89E+09,5.02E+10,133.93823,219.81978,1,None,parabolic,box sum
63,63,50.80296,121.82552,,,9.17E+09,7.84E+10,240.32825,86.58409,1,None,parabolic,box sum
64,64,58.08905,121.50985,,,5.57E+09,4.71E+10,117.54268,97.59152,1,None,parabolic,box sum
65,65,41.21485,121.49161,,,2.33E+10,1.95E+11,109.38674,80.61683,1,None,parabolic,box sum
66,66,53.17425,121.19496,,,2.15E+10,1.88E+11,198.81874,292.54007,1,None,parabolic,box sum
67,67,50.11087,120.77521,,,6.07E+09,4.96E+10,102.4009,74.46557,1,None,parabolic,box sum
68,68,40.42813,120.74783,,,4.67E+10,3.90E+11,107.47768,85.88272,1,None,parabolic,box sum
69,69,54.73654,120.33328,,,2.15E+10,1.84E+11,128.96894,102.59748,1,None,parabolic,box sum
70,70,55.7641,120.24364,,,6.33E+09,5.43E+10,125.06716,190.99361,1,None,parabolic,box sum
71,71,59.02631,120.10039,,,1.85E+10,1.54E+11,107.72013,76.78288,1,None,parabolic,box sum
72,72,63.19879,120.068,,,3.96E+09,3.35E+10,115.27209,168.33955,1,None,parabolic,box sum
73,73,57.84761,119.78274,,,1.05E+10,9.01E+10,132.09085,95.45279,1,None,parabolic,box sum
74,74,53.09494,119.63492,,,1.59E+10,1.37E+11,131.20534,442.02238,1,None,parabolic,box sum
75,75,61.82116,119.4406,,,1.56E+10,1.30E+11,113.8809,71.96885,1,None,parabolic,box sum
76,76,53.15539,119.49566,,,1.63E+10,1.41E+11,140.281,445.26428,1,None,parabolic,box sum
77,77,51.71106,119.29024,,,3.87E+10,3.31E+11,142.61572,100.01689,1,None,parabolic,box sum
78,78,39.66468,119.08699,,,4.29E+09,3.59E+10,109.86919,112.22261,1,None,parabolic,box sum
79,79,55.33406,118.978,,,1.12E+10,9.40E+10,109.36475,89.49888,1,None,parabolic,box sum
80,80,50.96135,118.9378,,,2.20E+10,1.89E+11,288.0883,88.39113,1,None,parabolic,box sum
81,81,39.72965,118.89473,,,4.67E+09,3.83E+10,207.23729,122.05553,1,None,parabolic,box sum
82,82,66.13085,118.65097,,,4.09E+09,3.34E+10,84.19156,82.05378,1,None,parabolic,box sum
83,83,59.31668,118.53559,,,3.27E+10,2.80E+11,148.76489,84.52964,1,None,parabolic,box sum
84,84,40.13094,118.47244,,,5.55E+09,4.57E+10,136.45311,87.22913,1,None,parabolic,box sum
85,85,50.35077,118.04013,,,8.92E+09,7.27E+10,94.5271,74.965,1,None,parabolic,box sum
86,86,53.94028,117.67587,,,2.03E+10,1.71E+11,104.24217,150.13736,1,None,parabolic,box sum
87,87,63.49455,117.63935,,,3.73E+09,3.14E+10,231.75764,122.72894,1,None,parabolic,box sum
88,88,52.68335,117.38971,,,5.25E+09,4.27E+10,88.76817,86.10553,1,None,parabolic,box sum
89,89,57.72365,117.07522,,,8.35E+09,7.11E+10,118.80806,97.34911,1,None,parabolic,box sum
90,90,56.04948,116.99578,,,3.99E+09,3.35E+10,103.77682,231.20731,1,None,parabolic,box sum
91,91,43.69692,117.01246,,,1.35E+10,1.13E+11,107.85387,75.22494,1,None,parabolic,box sum
92,92,57.23835,115.98947,,,5.65E+09,4.80E+10,122.84481,70.62119,1,None,parabolic,box sum
93,93,46.70698,115.64034,,,1.61E+10,1.34E+11,102.73618,83.35972,1,None,parabolic,box sum
94,94,64.65979,115.50003,,,4.98E+09,4.16E+10,107.22546,84.80835,1,None,parabolic,box sum
95,95,56.34783,115.52662,,,2.79E+10,2.33E+11,105.19182,79.21827,1,None,parabolic,box sum
96,96,54.15155,115.46438,,,2.83E+10,2.39E+11,116.88678,82.7685,1,None,parabolic,box sum
97,97,44.74315,114.18454,,,6.94E+09,5.91E+10,151.3274,86.26741,1,None,parabolic,box sum
98,98,57.40951,114.05922,,,1.35E+10,1.13E+11,101.17033,80.93226,1,None,parabolic,box sum
99,99,42.0343,113.63868,,,1.06E+10,9.05E+10,121.21972,112.66071,1,None,parabolic,box sum
100,100,45.67493,112.85479,,,6.44E+09,5.53E+10,171.058,99.97559,1,None,parabolic,box sum
101,101,57.06502,112.65469,,,4.60E+09,3.78E+10,92.92095,101.47387,1,None,parabolic,box sum
102,102,55.46891,112.46488,,,6.45E+09,5.66E+10,151.77749,340.06578,1,None,parabolic,box sum
103,103,52.40178,112.36013,,,2.97E+10,2.47E+11,111.28847,81.38746,1,None,parabolic,box sum
104,104,63.39325,112.06352,,,3.81E+09,3.14E+10,97.19954,72.94393,1,None,parabolic,box sum
105,105,42.79367,110.95817,,,1.37E+10,1.16E+11,113.76059,75.49572,1,None,parabolic,box sum
106,106,55.69195,110.742,,,2.92E+10,2.45E+11,108.41083,83.63926,1,None,parabolic,box sum
107,107,44.25928,109.89358,,,1.51E+10,1.26E+11,113.46257,77.1805,1,None,parabolic,box sum
108,108,43.53851,109.83397,,,4.34E+09,3.71E+10,304.63592,102.50986,1,None,parabolic,box sum
109,109,67.09396,109.50406,,,3.77E+09,3.16E+10,101.26499,103.85293,1,None,parabolic,box sum
110,110,55.2965,109.37404,,,9.16E+09,7.58E+10,99.55136,78.88991,1,None,parabolic,box sum
111,111,45.06438,108.65267,,,9.77E+09,8.08E+10,98.75439,103.55961,1,None,parabolic,box sum
112,112,42.21414,108.2268,,,4.34E+09,3.73E+10,231.69474,101.29863,1,None,parabolic,box sum
113,113,45.83372,108.1643,,,9.60E+09,8.06E+10,105.94359,154.42109,1,None,parabolic,box sum
114,114,42.59664,108.06874,,,4.54E+09,3.90E+10,225.94069,144.53518,1,None,parabolic,box sum
115,115,54.4999,107.41941,,,5.57E+09,4.78E+10,126.27696,91.17907,1,None,parabolic,box sum
116,116,43.55547,107.39505,,,5.98E+09,5.25E+10,135.16452,149.65171,1,None,parabolic,box sum
117,117,45.48193,107.2604,,,1.65E+10,1.38E+11,110.65211,87.83579,1,None,parabolic,box sum
118,118,42.07509,81.64423,,,6.86E+09,5.86E+10,122.21151,79.80531,1,None,parabolic,box sum
